timestamp,name,symbol,price,change_24h,market_cap
2026-09-08 20:12:27,CoinMarketCap 20 Index DTF,CMC20,$162.11,1.07%,$5.67M
2026-09-08 20:12:27,Bitcoin,BTC,"$78,355.44",0.82%,$1.57T
2026-09-08 20:12:27,Ethereum,ETH,"$2,478.11",0.15%,$302.2B
2026-09-08 20:12:28,Tether,USDT,$0.9997,0.03%,$183.38B
2026-09-08 20:12:28,BNB,BNB,$749.12,0.75%,$99.75B
2026-09-08 20:12:28,XRP,XRP,$1.40,0.78%,$88.3B
2026-09-08 20:12:28,USDC,USDC,$0.9998,0.02%,$74.23B
2026-09-08 20:12:28,Solana,SOL,$102.88,1.33%,$60.3B
2026-09-08 20:12:28,TRON,TRX,$0.3392,1.27%,$32.2B
2026-09-08 20:12:28,Hyperliquid,HYPE,$83.52,3.55%,$21.04B
2026-09-08 20:18:57,CoinMarketCap 20 Index DTF,CMC20,$162.08,0.86%,$5.67M
2026-09-08 20:18:57,Bitcoin,BTC,"$78,377.68",0.83%,$1.57T
2026-09-08 20:18:57,Ethereum,ETH,"$2,480.67",0.02%,$302.71B
2026-09-08 20:18:57,Tether,USDT,$1.00,0.04%,$183.47B
2026-09-08 20:18:57,BNB,BNB,$748.75,0.76%,$99.7B
2026-09-08 20:18:57,XRP,XRP,$1.40,1.02%,$88.39B
2026-09-08 20:18:57,USDC,USDC,$1.00,0.03%,$74.25B
2026-09-08 20:18:57,Solana,SOL,$102.97,1.23%,$60.35B
2026-09-08 20:18:57,TRON,TRX,$0.3394,1.32%,$32.22B
2026-09-08 20:18:57,Hyperliquid,HYPE,$83.58,3.34%,$21.05B
2026-09-11 19:00:46,CoinMarketCap 20 Index DTF,CMC20,$160.85,1.39%,$5.65M
2026-09-11 19:00:46,Bitcoin,BTC,"$77,653.14",1.04%,$1.56T
2026-09-11 19:00:47,Ethereum,ETH,"$2,505.64",3.59%,$305.95B
2026-09-11 19:00:47,Tether,USDT,$0.9996,0.01%,$183.39B
2026-09-11 19:00:47,BNB,BNB,$720.95,2.06%,$96B
2026-09-11 19:00:47,XRP,XRP,$1.36,0.47%,$85.68B
2026-09-11 19:00:47,USDC,USDC,$0.9999,0.00%,$74.2B
2026-09-11 19:00:47,Solana,SOL,$101.46,2.03%,$59.51B
2026-09-11 19:00:47,TRON,TRX,$0.3361,0.66%,$31.91B
2026-09-11 19:00:47,Hyperliquid,HYPE,$81.48,0.48%,$20.51B
2026-09-11 19:00:47,CoinMarketCap 20 Index DTF,CMC20,$160.85,1.39%,$5.65M
2026-09-11 19:00:48,Bitcoin,BTC,"$77,653.14",1.04%,$1.56T
2026-09-11 19:00:48,Ethereum,ETH,"$2,505.64",3.61%,$305.9B
2026-09-11 19:00:48,Tether,USDT,$0.9996,0.01%,$183.39B
2026-09-11 19:00:48,BNB,BNB,$720.95,2.06%,$96B
2026-09-11 19:00:48,XRP,XRP,$1.36,0.47%,$85.68B
2026-09-11 19:00:48,USDC,USDC,$0.9999,0.00%,$74.2B
2026-09-11 19:00:48,Solana,SOL,$101.46,2.03%,$59.51B
2026-09-11 19:00:48,TRON,TRX,$0.3361,0.66%,$31.91B
2026-09-11 19:00:48,Hyperliquid,HYPE,$81.48,0.48%,$20.51B
